time,seconds_elapsed,acc_x,acc_y,acc_z,gyr_x,gyr_y,gyr_z,grav_x,grav_y,grav_z,fs_hz,activity
1783067291639399200,0.0,-1.063244586687535,3.127714087870717,2.215102984112501,1.9636561870574951,-4.037798881530762,-2.413092851638794,-1.311504038849473,-7.409893394663929,-6.288388196057081,50,jumping
1783067291659322400,0.0199232,-0.6167388365499675,4.454850580137967,1.6420529210329056,2.5428504943847656,-4.3729248046875,-2.3904709815979004,-1.4564900174111126,-7.748075548204779,-5.832354739117622,50,jumping
1783067291679246000,0.0398468,-0.1795471504636109,5.22537376486361,2.1275380979061125,3.253052234649658,-4.164726257324219,-2.3633594512939453,-1.5614863692812622,-8.138219359651208,-5.2441906935364,50,jumping
1783067291699169300,0.0597701,0.7513457521773874,5.043932909607887,2.4181375392779705,3.462386131286621,-3.3495094776153564,-2.3784291744232178,-1.533201939561218,-8.548295367535948,-4.554812298841775,50,jumping
1783067291719093200,0.079694,0.3299759046010673,3.3646827690809964,1.2592384295612573,3.101670265197754,-2.7738499641418457,-1.390373468399048,-1.4450750355578958,-8.884064614716172,-3.8930090165540574,50,jumping
1783067291739016200,0.099617,-0.081220047224313,3.0556062985152006,-0.0838750917777419,2.597732782363892,-3.130216121673584,-0.3734142184257507,-1.503292538987845,-9.11398337741494,-3.2932954029545187,50,jumping
1783067291758940200,0.119541,-1.3740236233875154,4.2591696026057,0.8095657398253678,1.7924582958221436,-3.2717220783233643,0.1105537861585617,-1.679331681330502,-9.25167861444652,-2.7850816769227382,50,jumping
1783067291778863000,0.1394638,-3.671121000097692,4.267362261411548,1.3306203888602557,0.7621002793312073,-3.177907943725586,0.1747673898935318,-1.8799851865783328,-9.312992038065197,-2.4298582260794936,50,jumping
1783067291798787300,0.1593881,-6.178861068889498,3.1989287277787923,2.883073556858301,-0.4578887522220611,-2.2000033855438232,0.0824867412447929,-2.033250771576911,-9.315665056666733,-2.292304151084274,50,jumping
1783067291818710300,0.1793111,-4.821963060086965,1.1322685846835374,2.737046837072074,-0.972341001033783,-1.76649808883667,0.4653305113315582,-2.1548897768206894,-9.269261617410182,-2.36803977554813,50,jumping
1783067291838634200,0.199235,-4.626887354971468,-2.132816915091872,0.294562792044878,-0.760453462600708,-2.006970167160034,1.1223576068878174,-2.400992489340156,-9.189362735787034,-2.4415629846595226,50,jumping
1783067291858557200,0.219158,-5.6821431348621845,-3.2130034303605552,-0.6207496796265244,-0.3484112024307251,-1.994379997253418,1.1673014163970947,-2.716118323072791,-9.09962810432613,-2.4474197478637096,50,jumping
1783067291878481400,0.2390822,-7.136523612773418,-5.464757106000184,-1.028257882849872,0.5324056148529053,-2.068755388259888,0.5650749802589417,-2.9746392031386493,-9.052036916589737,-2.320033285009116,50,jumping
1783067291898404400,0.2590052,-6.7290119024187325,-7.076482693308591,-1.5466408284574746,1.102680206298828,-2.434539556503296,-0.2243032753467559,-3.102926852616668,-9.079889384633304,-2.0243108015350995,50,jumping
1783067291918328300,0.2789291,-6.128343180051446,-8.04240745410323,-1.2133119601666926,1.1206096410751345,-2.1335551738739014,-0.3854314684867859,-3.118961164833605,-9.145566264158488,-1.6736463291704653,50,jumping
1783067291938251300,0.2988521,-3.891911868967116,-10.502904417943954,-2.7174112854927777,0.9090805649757384,-2.2026045322418213,0.1645698994398117,-3.1585633996427056,-9.184767224690315,-1.3542277666799722,50,jumping
1783067291958175200,0.318776,-3.240940946339071,-13.17438572691083,-2.638877262482047,0.7074114084243774,-2.006256580352783,0.6250157952308655,-3.289243789476156,-9.176832924559712,-1.0662991519525646,50,jumping
1783067291978098400,0.3386992,-3.9808676250100135,-13.327812201559542,-2.8342934515982865,-0.0611204952001571,-2.258461236953736,0.3076412975788116,-3.424697385060787,-9.148952399465442,-0.859361159607768,50,jumping
1783067291998022400,0.3586232,-2.9583450709417463,-11.456616178375482,-2.9418484019100664,-0.9328041076660156,-2.519556760787964,-0.0142427291721105,-3.4796631932184097,-9.134715199798343,-0.7869709000490606,50,jumping
1783067292017945300,0.3785461,-0.0958013841539621,-10.345172355055809,-4.270701050445437,-1.3763291835784912,-2.8341901302337646,0.2541029751300812,-3.5403920949473977,-9.108613374814391,-0.8180247214172035,50,jumping
1783067292037869300,0.3984701,2.1662951140627262,-7.331304426595568,-5.818927102267742,-1.1382673978805542,-3.4757192134857178,0.5334901809692383,-3.664466510644555,-9.0580522313565,-0.8329130054041742,50,jumping
1783067292057788700,0.4183895,3.412111751993,-4.405286046501994,-6.788598648375272,-0.1990941315889358,-4.279536247253418,0.6435671448707581,-3.833191384451091,-9.001644115436077,-0.6688907563306391,50,jumping
1783067292077712600,0.4383134,3.023420477442443,-1.3933593152374029,-4.6356589827090495,0.8992052674293518,-4.317859172821045,0.5459036827087402,-3.983644688507914,-8.957222789907455,-0.262877504372783,50,jumping
1783067292097635600,0.4582364,1.856352382056415,0.129302671739459,-2.6979204030811785,1.2200030088424685,-4.129220485687256,0.2835679054260254,-4.058718634192645,-8.922906094285846,0.2809735714251175,50,jumping
1783067292117559600,0.4781604,1.9613623240605,1.957277392834425,-1.4661387202441691,0.6634955406188965,-3.599792242050171,0.1407739967107772,-4.051949870710074,-8.896872073841095,0.773167488689348,50,jumping
1783067292137482800,0.4980836,2.5989023949682712,3.615141046461463,-0.395844141979888,-0.5601058602333069,-2.565746068954468,0.1738163977861404,-4.01986078801006,-8.88403012792468,1.0416801859375089,50,jumping
1783067292157406500,0.5180073,3.743042911492288,6.042236675959825,0.2580744514726102,-2.1538822650909424,-1.7349425554275513,0.1862275302410125,-4.01014544968158,-8.896721851715444,0.9682059305343776,50,jumping
1783067292177329700,0.5379305,4.306425274777412,8.729508259254693,-0.0836357300639152,-2.9918665885925293,-1.6422115564346311,0.0775423198938369,-4.008945718502998,-8.927927721840142,0.6251737796790897,50,jumping
1783067292197253400,0.5578542,5.022565711930394,9.380321945494412,-1.1920143205940723,-2.4998855590820312,-1.755885124206543,-0.1315802633762359,-3.989018782761693,-8.95505187560916,0.2552824826665222,50,jumping
1783067292217176600,0.5777774,4.971787710851431,9.23761501778066,-1.0050023872077465,-1.534964919090271,-1.9728184938430784,-0.307424247264862,-3.942729325273633,-8.979040653961896,0.0456756501383846,50,jumping
1783067292237100500,0.5977013,4.640009579133987,9.170763833779096,-0.8084592398881911,-1.1352622509002686,-2.008997917175293,-0.1553252786397934,-3.896160758583248,-8.999427608430386,-0.0245730673469835,50,jumping
1783067292257023500,0.6176243,4.53597403512001,9.013332215142247,-0.4373889622241258,-1.4450876712799072,-1.905981540679932,0.1021701619029045,-3.895376037946343,-8.999267449432612,-0.0981641951620113,50,jumping
1783067292276947500,0.6375483,4.2989527469396585,9.571296937292814,-0.4640138977667316,-1.7637171745300293,-1.80547833442688,0.154804065823555,-3.927102717074752,-8.982621435058116,-0.2464656640803441,50,jumping
1783067292296870400,0.6574712,4.130378679780661,9.015600744596124,-0.5293956302702426,-1.596535325050354,-1.6798603534698486,0.1090773493051529,-3.962036375550925,-8.960983603745698,-0.4164636996278539,50,jumping
1783067292316794600,0.6773954,4.025484180849791,8.463872286486625,-0.5736725788921118,-1.2173757553100586,-1.57095468044281,0.0795183777809143,-3.993162458437681,-8.940617692065238,-0.5388831146595999,50,jumping
1783067292336717600,0.6973184,3.9074674577564,7.302562900757789,-0.5164671385815367,-0.9855762124061584,-1.7364826202392578,0.223837211728096,-4.036903692747653,-8.91715206080377,-0.5984824278367683,50,jumping
1783067292356641500,0.7172423,3.886146437308192,5.27531823772788,-0.0872328777730464,-1.285701036453247,-2.0083119869232178,0.4656338393688202,-4.118833203415573,-8.87664644741416,-0.6409037751872092,50,jumping
1783067292376564500,0.7371653,2.4135703774929045,2.970796263974905,0.9448737894594668,-1.8473424911499023,-2.184626817703247,0.7338685393333435,-4.25471145415306,-8.804567884153126,-0.7398704184390604,50,jumping
1783067292396488700,0.7570895,0.6915940249174833,1.2099585580855607,2.0666846930146217,-2.7029595375061035,-2.4573276042938232,0.6030063629150391,-4.418617529501021,-8.704856633079052,-0.9336288304109126,50,jumping
1783067292416411600,0.7770124,-1.7458517336815595,0.6772977885395288,3.0511615940660235,-3.517065048217773,-2.996058225631714,-0.3695704340934753,-4.508850173611939,-8.621108674812316,-1.2317179699510334,50,jumping
1783067292436335600,0.7969364,-2.735326296889782,-0.6346721142560243,3.2611165961444377,-3.765524387359619,-3.014380931854248,-1.439079523086548,-4.429471808731556,-8.602756441041826,-1.5946027492024004,50,jumping
1783067292456258600,0.8168594,-1.5095292414203283,-4.699988539278507,1.057277348846197,-2.9508211612701416,-2.8434293270111084,-1.6385273933410645,-4.258401833103597,-8.620152397000789,-1.931160808672756,50,jumping
1783067292476182800,0.8367836,-1.5761282042264937,-10.389769037151336,0.7557388725697993,-1.706020474433899,-2.5590779781341557,-1.1405926942825315,-4.1223710221529,-8.64488176458776,-2.1077143302783368,50,jumping
1783067292496105700,0.8567065,-4.958247261276841,-14.70907717437744,1.814712211678922,-0.8752518892288208,-3.900625228881836,-1.2419317960739136,-4.059813151431084,-8.682873349329828,-2.072687732821703,50,jumping
1783067292516029700,0.8766305,-9.132453100085256,-20.54156752257347,2.0197925934582948,-0.9594117403030396,-5.594127655029297,-1.3055837154388428,-4.011564376568794,-8.760768489915131,-1.8239172623977065,50,jumping
1783067292535952600,0.8965534,-12.628582567197084,-27.94045729266405,3.770766492459178,-2.345263719558716,-4.948296070098877,-0.4021358788013458,-4.045685841879249,-8.777319227221607,-1.6617739589385687,50,jumping
1783067292555876600,0.9164774,-14.44514449839592,-25.830354313683507,3.0619872317239643,-3.772399425506592,-3.720911979675293,-0.3846229314804077,-4.147626167179644,-8.688645502990484,-1.864137775235623,50,jumping
1783067292575799600,0.9364004,-12.793760269916056,-15.123853907299042,-1.6327274588048457,-3.1027073860168457,-3.40484356880188,-1.989441156387329,-4.102270483410358,-8.631264742645621,-2.20068867431283,50,jumping
1783067292595723500,0.9563243,-9.56005716587603,-5.408937019100785,-6.353588105720282,-0.5512779951095581,-3.579617500305176,-4.033084869384766,-3.730904437670112,-8.784039475387335,-2.256410123143345,50,jumping
1783067292615646700,0.9762475,-5.363815436348319,-0.0495920061647892,-7.630812858349085,1.69610857963562,-3.942440032958984,-4.830251216888428,-3.072004475608468,-9.121397453063723,-1.879704616071284,50,jumping
1783067292635570400,0.9961712,-2.4207561973437666,2.161364964184165,-6.417488623222709,2.3397634029388428,-3.897560596466065,-3.9884748458862314,-2.3637565452709794,-9.433304178619384,-1.263259940162301,50,jumping
1783067292655493400,1.0160942,-1.537131387964636,4.307798316696286,-4.8385792638450855,1.3379428386688232,-3.18660044670105,-2.539132833480835,-1.8150499192006888,-9.608111294949056,-0.748439947733283,50,jumping
1783067292675417600,1.0360184,-0.9824502175293862,7.165597147044539,-3.924030470022559,-0.0350976847112178,-2.4567487239837646,-1.2108426094055176,-1.4924061110533773,-9.677263741630314,-0.5419037776550277,50,jumping
1783067292695340500,1.0559413,0.1961218531675636,9.272499284157156,-3.537946747621893,-0.3198155760765075,-2.337153673171997,-0.4044656157493591,-1.372273272588849,-9.695673843067883,-0.5302509684579446,50,jumping
1783067292715264500,1.0758653,1.091618740517646,11.110506738966702,-4.091965947017074,0.3636042773723602,-2.5642285346984863,-0.223179429769516,-1.3436081729881464,-9.703014853480456,-0.4653970226882025,50,jumping
1783067292735187500,1.0957883,0.8599141173154116,12.18557693413496,-3.0016198567837478,0.9513791799545288,-2.115769863128662,-0.0590466894209384,-1.328878367498517,-9.712515672275424,-0.2673636002782732,50,jumping
1783067292755111700,1.1157125,2.202212230618298,11.594286280965804,-3.641058162528276,1.0244685411453247,-1.9703545570373533,0.2853831350803375,-1.354814042135328,-9.712593413686752,-0.0199754853074788,50,jumping
1783067292775034600,1.1356354,3.7503017965793606,10.942418117237091,-3.2877696252703665,0.7378778457641602,-2.181970596313477,0.392642468214035,-1.4196959718905389,-9.701022218358515,0.2121184454563073,50,jumping
1783067292794958600,1.1555594,5.186778953531384,8.912985588774085,-2.1162100636839867,0.0386149138212204,-2.411123037338257,0.6436190605163574,-1.5024018737584353,-9.684218383073809,0.3593152502015233,50,jumping
1783067292814881500,1.1754823,6.228922446131706,5.648326789978146,-0.654715954375267,-0.8669295907020569,-1.9733415842056277,1.276086449623108,-1.671261041469127,-9.656969726142286,0.3467618023702875,50,jumping
1783067292834805500,1.1954063,4.5023961751669646,6.52561815855205,-1.544939285236597,-0.9448845982551576,-1.892317056655884,1.218011736869812,-1.9168083120629191,-9.614736266046762,0.2303723882177844,50,jumping
1783067292854728700,1.2153295,3.1014573645859955,6.703304629710316,-3.33781989659667,-0.5850331783294678,-1.744918704032898,0.648578941822052,-2.087962166582048,-9.58053647480309,0.1553271023719571,50,jumping
1783067292874652700,1.2352535,1.6473120106048882,6.90647216360569,-1.698140134435892,-0.2182535529136657,-1.5145717859268188,0.0918890312314033,-2.1541345745392144,-9.565981295228005,0.1486423913104925,50,jumping
1783067292894575600,1.2551764,0.8283692244946956,6.861400849735737,-1.15555769033432,-0.1034982129931449,-1.5023369789123535,-0.3561641275882721,-2.1197415988110007,-9.57298328294456,0.1872521353503689,50,jumping
1783067292914499600,1.2751004,0.718138186841458,7.229499418112635,-0.1183504850924015,-0.1099322065711021,-1.332677125930786,-0.5933367013931274,-2.0217808446660634,-9.593324644705651,0.2256408661838621,50,jumping
1783067292934422500,1.2950233,0.8729887029439211,7.159883445572853,0.211551331359148,-0.2116307616233825,-1.3750046491622925,-0.638126015663147,-1.8935174528464676,-9.618878188157082,0.2493320132968947,50,jumping
1783067292954346800,1.3149476,0.9732325995899735,6.907942820680141,0.5518880325853824,-0.3015326559543609,-1.4761914014816284,-0.5073983669281006,-1.7754399394765494,-9.64137292855978,0.2492710768898949,50,jumping
1783067292974269700,1.3348705,0.8947016453191637,6.7702510907799,0.2581190212666988,-0.1709908843040466,-1.5819960832595823,-0.2023045271635055,-1.696010721191764,-9.6555633664757,0.2530433437039144,50,jumping
1783067292994193700,1.3547945,0.4329093325920403,5.482991850870848,0.8713491190433502,0.0224829912185668,-1.4118329286575315,0.293380856513977,-1.6951029586970805,-9.654590137529372,0.2931312431381084,50,jumping
1783067293014116600,1.3747174,-0.1555653863735497,3.2485189803779124,2.3583844968438146,-0.2855795621871948,-1.310539960861206,0.8246319890022278,-1.795409545315802,-9.635500821655988,0.3225230678444728,50,jumping
1783067293034040600,1.3946414,-0.7605889429494738,2.149262438458204,3.505772909247875,-0.7923488616943359,-1.529637098312378,0.966058611869812,-1.9679032701365649,-9.60345908522904,0.2670399578144773,50,jumping
1783067293053964500,1.4145653,-0.3229800543643534,1.6631681897759436,2.6502678405463693,-0.6568849086761475,-2.0474562644958496,0.6488481760025024,-2.1174602098755537,-9.573462006372212,0.1886572711742483,50,jumping
1783067293073888500,1.4344893,0.6405714014276862,-2.529336106789112,0.2111164653395302,-0.103064052760601,-2.510763645172119,0.7779590487480164,-2.22912434907183,-9.547467148894071,0.2174450655728578,50,jumping
1783067293093811500,1.4544123,-0.7137967966362834,-9.924433498859404,1.5636252810060978,0.185058444738388,-2.623245477676392,1.8376123905181885,-2.455377428869903,-9.48790261476934,0.3481450734222308,50,jumping
1783067293113735400,1.4743362,-4.54933708230108,-16.399958715987204,4.028880253028869,-0.1931692063808441,-2.6963677406311035,2.4016783237457275,-2.8494939433395863,-9.37017990618646,0.5004999367840588,50,jumping
1783067293133658600,1.4942594,-9.129141783580184,-18.415577238631247,5.40068532358408,-0.9055556058883668,-2.550355911254883,2.077878475189209,-3.2403514560133218,-9.239099703380464,0.5563873532986268,50,jumping
1783067293153582600,1.5141834,-9.512702124983072,-22.36130808380842,2.2953999251425263,-1.0332317352294922,-2.0771291255950928,1.932098150253296,-3.5777447972640397,-9.115558663907647,0.5260169476173818,50,jumping
1783067293173505500,1.5341063,-8.714272111678122,-25.375217513322827,-1.102163880733773,-0.7967187166213989,-1.5759162902832031,1.2814966440200806,-3.8639664619430896,-8.999684213539958,0.4958329678863287,50,jumping
1783067293193429500,1.5540303,-7.762102319991588,-21.177055044865607,-2.2794693655610083,-0.611350953578949,-1.299485445022583,0.0013820261228829,-3.965595529337227,-8.956217412257194,0.4802266718231141,50,jumping
1783067293213352400,1.5739532,-5.67284397611916,-16.44073963918686,-3.704339671349525,-0.2606571316719055,-0.9283357858657836,-0.9062456488609314,-3.8681989849463103,-8.998250381344556,0.4887776790799573,50,jumping
1783067293233276700,1.5938775,-2.885846236442029,-10.039953728961944,-4.958873284220696,0.2918635606765747,-0.2945873737335205,-1.5729568004608154,-3.634313364443183,-9.09285934084356,0.5310962967082857,50,jumping
1783067293253199600,1.6138004,0.0214236040398478,-3.960662456849217,-6.034774669516087,1.1616915464401243,-0.0497013628482818,-1.9422690868377688,-3.306118351909518,-9.208044055381416,0.6722122289035469,50,jumping
1783067293273123600,1.6337244,1.1204665032088756,-0.1574561685562133,-4.108583319818973,1.4564614295959473,0.1221508383750915,-1.963762640953064,-2.945745701609552,-9.307571182060242,0.9284844532597808,50,jumping
1783067293293046500,1.6536473,1.495386149777472,4.571013784319162,-1.359834208384901,0.9914537072181702,0.2603857219219208,-1.8887646198272705,-2.587590435098112,-9.389194403257966,1.147947653722018,50,jumping
1783067293312970800,1.6735716,2.370955078472942,7.116677925574779,0.8084932882882654,0.5752989649772644,0.6183210611343384,-1.6043437719345093,-2.269949842065573,-9.455215566176175,1.2714689655810594,50,jumping
1783067293332893700,1.6934945,3.0377988391458985,9.815888952988386,1.8820201995372767,0.4571017324924469,0.9144500494003296,-1.4358562231063845,-2.005598502280563,-9.50658802601695,1.3314467566817998,50,jumping
1783067293352817400,1.7134182,2.699165726967156,12.210292857718468,1.870660455002636,0.4679653644561767,1.1174589395523071,-1.3520079851150513,-1.7691675812087952,-9.54644365106523,1.3805154696248472,50,jumping
1783067293372740600,1.7333414,1.9619212731175124,14.091198958534,1.0534069371536374,0.4636327624320984,1.0111563205718994,-1.2744604349136353,-1.550418155039102,-9.576634206667542,1.4334203997299075,50,jumping
1783067293392664300,1.7532651,1.1263983774758874,15.006339288508892,-0.2704876505829394,0.4592890739440918,0.8439003825187683,-1.1337776184082031,-1.34367173974365,-9.598436288630962,1.4949724544100462,50,jumping
1783067293412587500,1.7731883,0.9217604057017712,14.148332466119529,-1.6309354608215392,0.4382626712322235,0.8604407906532288,-0.6955517530441284,-1.1906593988537788,-9.608476621130109,1.5588098435483873,50,jumping
1783067293432511500,1.7931123,1.3521645505398512,12.456846528875827,-3.233660433942079,0.5436277389526367,1.1220908164978027,0.0509373433887958,-1.1529971191313118,-9.60161082701385,1.6278993079960344,50,jumping
1783067293452434400,1.8130352,2.468193948084116,8.978445026156306,-4.425237532162666,0.5579610466957092,1.2131118774414062,0.9651885628700256,-1.294287092719227,-9.56996247381866,1.706171903591603,50,jumping
1783067293472358400,1.8329592,3.2454514095008373,7.24724433363974,-4.691821599435806,0.4173863530158996,0.7935053706169128,1.3527802228927612,-1.5602325698278845,-9.517846502134203,1.773888179989904,50,jumping
1783067293492281300,1.8528821,3.797577050234377,6.009643735390902,-3.414144426864385,-0.0036449392791837,0.0185735039412975,1.2542405128479004,-1.8286454599633808,-9.46492564380765,1.8004528001800175,50,jumping
1783067293512205600,1.8728064,3.1837638918727635,5.913233279427885,-3.0733003606379032,-0.3781332373619079,-0.8285598754882812,0.8043397068977356,-2.0097073989041148,-9.432111169442534,1.77953305400908,50,jumping
1783067293532128500,1.8927293,2.754093541201949,5.890887007585167,-2.832725179368257,-0.6956127285957336,-1.213948130607605,0.4665097594261169,-2.0846149019807574,-9.42667394682467,1.721217643162608,50,jumping
1783067293552052500,1.9126533,2.39068546872884,5.551484956860542,-2.521705758041143,-0.91683429479599,-1.0273817777633667,0.5520057678222656,-2.139593569619953,-9.432934760785102,1.6162486176908015,50,jumping
1783067293571975400,1.9325762,1.974863902929425,5.330091445922851,-2.3843654719270764,-1.1006739139556885,-0.878931999206543,0.6363962888717651,-2.224758408947289,-9.437493447002767,1.467835148898512,50,jumping
1783067293591899600,1.9525004,1.238969110123068,4.43595357196629,-1.658354067492485,-1.3916748762130735,-0.8583449125289917,0.6377220153808594,-2.32129775198698,-9.442528518560527,1.2730375300720334,50,jumping
1783067293611822600,1.9724234,0.7460546600319444,3.833797241389752,-0.7724899547539651,-1.5294617414474487,-0.8073054552078247,0.7726108431816101,-2.4290287895180285,-9.444609416487811,1.0342061237297953,50,jumping
1783067293631746600,1.9923474,-0.3970207114785909,1.3125474104225634,0.3045452568769455,-1.967227816581726,-0.5914115905761719,1.162866473197937,-2.59662918933928,-9.426646474295854,0.7524941915601492,50,jumping
1783067293651669500,2.0122703,-1.4131848364308477,0.8039490689873695,1.7936311374664309,-2.839552164077759,-0.2386892735958099,1.2914345264434814,-2.8329318078562618,-9.383121805346011,0.3192519372193143,50,jumping
1783067293671593500,2.0321943,-1.5948422570466994,1.229081776228547,0.532671875461936,-2.304023027420044,0.4408946335315704,0.3823964893817901,-2.999930004000664,-9.334501274561882,-0.1946409121611155,50,jumping
1783067293691516700,2.0521175,-0.5074129310429096,-2.231957672801613,-2.133519510403276,-0.6433698534965515,0.753162145614624,-0.4907256662845611,-2.971062513695657,-9.332035761231184,-0.5062372017944231,50,jumping
1783067293711440600,2.0720414,0.4191457417860627,-9.049725132516024,0.4925847066801041,-0.1865756660699844,1.1693638563156128,0.0986465439200401,-2.903279894062877,-9.347022317960858,-0.6119956971434876,50,jumping
1783067293731363600,2.0919644,0.7423743640840054,-14.086947146308422,2.6958202159315348,-0.690052330493927,0.7208892703056335,0.9244470000267028,-2.99591696896702,-9.307245603367686,-0.755021006624028,50,jumping
1783067293751287600,2.1118884,-0.3085068539842963,-19.307167181670664,0.7056722346305847,-0.8782045245170593,-0.1261321604251861,1.655786633491516,-3.218451174372434,-9.217501619556543,-0.92174886139445,50,jumping
1783067293771210500,2.1318113,-2.6800927777066823,-30.01418430540561,-3.686591833212972,-1.3225290775299072,-0.6630429029464722,2.7483487129211426,-3.640151276816428,-9.04138166706264,-1.083107298086211,50,jumping
1783067293791134700,2.1517355,-13.407215993142128,-32.69704859365225,-3.0090549752205606,-2.092156171798706,-0.7274558544158936,1.3825924396514893,-4.067763233652711,-8.822748268488048,-1.3352239371329546,50,jumping
1783067293811057700,2.1716585,-20.020066444945336,-23.880966797316077,-3.2823066836893555,-2.0394766330718994,-0.8856809735298157,-1.658071517944336,-4.063955950324237,-8.771453550058602,-1.648103160982579,50,jumping
1783067293830981400,2.1915822,-14.629687411320209,-14.64296307247877,-4.958103468891978,-1.0703328847885132,-0.5854201316833496,-3.028057813644409,-3.647199734023213,-8.909846706226467,-1.8662690881758928,50,jumping
1783067293850904600,2.2115054,-5.928671087056398,-7.074946569782495,-3.3828795200288293,0.0757467597723007,-0.5014598369598389,-2.656492233276367,-3.1444550870522856,-9.08696209949851,-1.9261130237638948,50,jumping
1783067293870828500,2.2314293,-2.2137425094142555,1.5808230840444564,-1.1235991021461784,1.0072920322418213,-1.549644947052002,-2.8652379512786865,-2.69212632984966,-9.263667742925882,-1.762760490645468,50,jumping
1783067293890751500,2.2513523,-0.4462048674948513,9.333155120649934,1.3974182352393865,1.2883046865463257,-2.002145528793335,-3.420982360839844,-2.1616791446998715,-9.45510976771414,-1.4485944418556986,50,jumping
1783067293910675500,2.2712763,-0.8480411625616252,11.819240699255468,5.349019433754682,0.964731216430664,-0.7887000441551208,-3.056679010391236,-1.567858096270263,-9.609094460767508,-1.1736817413721232,50,jumping
1783067293930598400,2.2911992,-0.7916711866945028,14.649000014555453,2.830307596832513,0.6952235698699951,-0.3983714580535888,-2.27910590171814,-1.0644337234068662,-9.696144967710971,-1.011013829516992,50,jumping
1783067293950522400,2.3111232,1.1510634476549924,15.488805994343757,-0.3504571132242679,0.9831603765487672,-0.0147522436454892,-1.3670755624771118,-0.7150196164295077,-9.743770057716963,-0.8473921971336007,50,jumping
1783067293970445600,2.3310464,2.052661720620096,14.68587750057578,-1.835807898938656,1.054134488105774,0.6901051998138428,-0.3761599361896515,-0.5381796425653621,-9.770731129878758,-0.6430886449456215,50,jumping
1783067293990369500,2.3509703,2.8147607758715747,11.316915446740389,-2.3162287781596183,0.7906873226165771,0.7843528985977173,0.3714727461338043,-0.5428130014544352,-9.779986449480056,-0.4770560789629817,50,jumping
1783067294010292500,2.3708933,2.494218031656742,10.193834961640832,-2.424347207573056,0.7093251347541809,0.2562276721000671,0.181676983833313,-0.6022000235877931,-9.78248118890524,-0.3328753523696214,50,jumping
1783067294030216400,2.3908172,2.5983684342220426,9.107649498218295,-1.3351824360787867,0.346243679523468,0.0106273517012596,-0.1436023265123367,-0.6092356578456237,-9.784760824275017,-0.2402020188420079,50,jumping
1783067294050139400,2.4107402,4.423394242383539,8.477062022927402,-0.7531634691238402,-0.2758288979530334,-0.2536585628986358,0.1843790262937545,-0.5959637595467269,-9.786240833699702,-0.211400561244227,50,jumping
1783067294070063400,2.4306642,7.295416536134481,5.704578254032135,-0.8215846789211034,-0.9571228623390198,-0.6164159178733826,0.8857318162918091,-0.7100149400100112,-9.77472049177587,-0.3479827224673703,50,jumping
1783067294089986300,2.4505871,4.973261290535331,8.875411352661251,-0.8490098614633083,-0.5105507373809814,-0.6524575352668762,0.6464318633079529,-0.8811215943865478,-9.754831549957396,-0.487104339040257,50,jumping
1783067294109910300,2.4705111,3.519590422198176,10.150441225594282,-2.1734078686773777,0.0484014078974723,-1.063653588294983,-0.2910407781600952,-0.9289147344358264,-9.74896470375061,-0.5149818684598431,50,jumping
1783067294129833200,2.490434,2.94271875500381,9.672173725014924,-2.7546833237886426,-0.1387100219726562,-1.4774575233459473,-0.6804966330528259,-0.8244487631153314,-9.75911258827746,-0.5003832881344482,50,jumping
1783067294149757400,2.5103582,2.3198181809537117,7.058380634906888,1.362810447716713,0.0786715075373649,-0.6652858257293701,-0.1850331127643585,-0.7493716025602072,-9.766072490417956,-0.4823427141290157,50,jumping
1783067294169680400,2.5302812,0.9822809253770858,7.926838708683848,-0.4546031318753957,0.3129741847515106,-0.1314948201179504,0.254424124956131,-0.763959734556824,-9.766782684513926,-0.4435215101623907,50,jumping
1783067294189604400,2.5502052,-0.312628537024185,7.068374205654859,-0.3532978896081447,0.6930585503578186,-0.1595433056354522,0.0008568622288294,-0.8047154502499848,-9.767537302273512,-0.3435646137641742,50,jumping
1783067294209527300,2.5701281,-1.683063269074261,6.022557577499747,0.331853535041213,0.3891888558864593,0.010991551913321,-0.6595370173454285,-0.7376241738822311,-9.776365336373448,-0.2212708892050199,50,jumping
1783067294229451500,2.5900523,-2.745567120397091,3.439719597625732,1.3209656946778296,-0.2985480427742004,0.9119993448257446,-0.250962883234024,-0.626815555536747,-9.784054721832277,-0.2230746689576655,50,jumping
1783067294249374500,2.6099753,-1.941805829066783,0.4496925634801387,0.0709533220907673,-0.3605391085147857,1.3597285747528076,0.4678069949150085,-0.6542571777570992,-9.779897602152824,-0.3097751568870618,50,jumping
1783067294269298400,2.6298992,-2.8521248763650653,1.1317793398618698,1.7794944755643605,-0.5553163290023804,1.6463359594345093,0.2780884504318237,-0.7222683454487472,-9.771405668139456,-0.4103101454341784,50,jumping
1783067294289221400,2.6498222,-2.72237709120661,-0.4507604849725961,2.493487379294634,-0.4165497124195099,1.5775957107543943,-0.286122977733612,-0.710459176646173,-9.765446467474105,-0.5492458840461447,50,jumping
1783067294309145300,2.6697461,-1.3725215482614934,-3.3727029939293858,0.4622539388895034,0.6372958421707153,0.8617292642593384,-0.7281696200370789,-0.5853368227986618,-9.774007375070452,-0.5445542556311935,50,jumping
1783067294329068500,2.6896693,-0.5542655388390645,-10.093070402121544,1.934397452506423,0.996184229850769,0.3247723579406738,0.2061953693628311,-0.5136982583900913,-9.785836929073929,-0.3793629627782851,50,jumping
1783067294348992300,2.7095931,-2.4538620558708906,-15.64943144058585,4.91595125733912,0.9220237135887146,-0.5015947818756104,0.7074004411697388,-0.6195446877509355,-9.78521908943653,-0.1897972349896095,50,jumping
1783067294368915200,2.729516,-4.08371921993643,-22.99224334962368,4.716158752834796,1.4739786386489868,-1.0257816314697266,0.7734553813934326,-0.7640902290686965,-9.776746444645523,0.0423173481198493,50,jumping
1783067294388839200,2.74944,-7.841377516758442,-32.69844443192482,5.88439121582508,0.9853059649467468,-1.728249430656433,0.4010394215583801,-0.8932688360370695,-9.760027365034816,0.3381391181167215,50,jumping
1783067294408762000,2.7693628,-10.844832187753916,-30.537766280961037,8.63434108135104,-0.67836594581604,-2.043468952178955,-0.7435482740402222,-0.8357296702601015,-9.762782801222802,0.4000295379057526,50,jumping
1783067294428686300,2.7892871,-8.289643262305855,-23.342290128481388,4.794667056882381,-1.615580677986145,-2.275047540664673,-1.1792961359024048,-0.6305538652822374,-9.784631644937395,0.183775709677767,50,jumping
1783067294448609300,2.8092101,-3.176537155489624,-11.925373507809638,-1.8893512730777264,-0.8671995401382446,-2.1900084018707275,-1.1905509233474731,-0.3911227394811808,-9.798716284391285,-0.0508502123652258,50,jumping
1783067294468533200,2.829134,0.3337080038014799,-3.1604192566424607,-5.638663474097847,0.1181170418858528,-2.0058422088623047,-0.9138356447219848,-0.1846688956578262,-9.804332370707392,-0.1065228764508385,50,jumping
1783067294488456200,2.849057,1.3962785636849702,1.2916390624284744,-5.146858446553349,0.0556313097476959,-1.680398941040039,-0.2191665768623352,-0.074529673607042,-9.806168353962898,-0.0624756723310798,50,jumping
1783067294508380400,2.8689812,1.2066720837607978,4.927763860207796,-4.284461280250549,-0.7494453191757202,-1.1090712547302246,0.1436947137117386,-0.0779557025329675,-9.805500829964876,-0.1283521021495107,50,jumping
1783067294528303400,2.8889042,1.1681924232408405,8.510162328496575,-3.748210961779952,-0.9659202098846436,-0.2575744390487671,-0.119700439274311,-0.0942432679917663,-9.801234989213944,-0.3119066524904221,50,jumping
1783067294548227300,2.9088281,1.966240159229934,12.108121938532593,-3.82714187515378,-0.1573227494955063,0.4096600115299225,-0.774190366268158,-0.0035932564144808,-9.79726900819242,-0.4288509971119463,50,jumping
1783067294568150300,2.9287511,1.9527818349808448,12.248552153486012,-2.0687866337299345,0.2939633727073669,0.8692012429237366,-1.1206668615341189,0.1892804993728175,-9.796589793756604,-0.4017301312785595,50,jumping
1783067294588074500,2.9486753,1.1020887696709485,12.677070996034145,0.1825274814486503,0.2649587988853454,0.9050247073173524,-1.4580886363983154,0.4448647414648905,-9.790561034986377,-0.3426396809389814,50,jumping
1783067294607997400,2.9685982,0.426350047141686,13.22171914049387,0.9602975685626268,0.4884041845798492,0.6128771305084229,-1.7724971771240234,0.768207016737759,-9.77302070212066,-0.2613403214007616,50,jumping
1783067294627921400,2.9885222,-0.076384005369991,12.969067736983298,1.3874433691918848,0.6652227640151978,0.2498366236686706,-1.8203961849212649,1.122949479131028,-9.741085348677634,-0.1436557072054129,50,jumping
1783067294647844400,3.0084452,-0.291483530730009,12.34015024073124,0.9243991567075251,0.8010155558586121,-0.2256239354610443,-1.4257147312164309,1.4447403967760502,-9.699643915742636,-0.0006862687987486,50,jumping
1783067294667768300,3.0283691,-0.6188124279536307,10.42154130898714,0.3486170383155346,0.6077989935874939,-0.5422027707099915,-0.5119052529335022,1.6378445095576344,-9.66796809001863,0.1351614990365691,50,jumping
1783067294687691500,3.0482923,-1.4116837842181325,8.370638706994056,0.4258557608187198,-0.2465584874153137,-0.8268975019454956,0.3604246079921722,1.6488593861773608,-9.665901805138589,0.1483041814652271,50,jumping
1783067294707615500,3.0682163,-1.993267866887152,7.08338472778201,0.0765408033668994,-0.8078233003616333,-1.1382907629013062,0.8898994326591492,1.5238548500232398,-9.687527946013212,0.0074054305472032,50,jumping
1783067294727538400,3.0881392,-2.342735384552181,6.7611009851187465,-0.5841904657751321,-0.9302511811256408,-1.2268859148025513,0.9819081425666808,1.3361232240602374,-9.713151632091405,-0.1996113209848292,50,jumping
1783067294747462400,3.1080632,-2.37590071818158,6.054810910850763,-0.5256412096401676,-0.8389266133308411,-1.0496243238449097,0.8062028884887695,1.152164394634217,-9.730358787479997,-0.4037576550507917,50,jumping
1783067294767385300,3.1279861,-1.596495284950733,6.203915430647134,-0.913878931736946,-0.4369655251502991,-0.7540574073791504,0.4780636131763458,1.0200910891376436,-9.738055771723388,-0.5477809625927359,50,jumping
1783067294787309300,3.1479101,-0.8509045161034912,5.19540298949182,-0.7283177086155861,-0.3129779994487762,-0.5825451016426086,0.2045436650514602,0.9474206243980676,-9.74079425677657,-0.6242564456384628,50,jumping
1783067294807232300,3.1678331,-0.0672073770280927,3.857775498348474,0.3056739686459302,-0.7465113997459412,-0.7190067172050476,0.1445269435644149,0.9087691875077784,-9.736887312465903,-0.7331888217832893,50,jumping
1783067294827156200,3.187757,0.934285759949684,2.825115873408317,0.7836965545535087,-1.4297730922698977,-1.1681010723114014,0.369704395532608,0.8490952016592025,-9.722810856318471,-0.957276247980073,50,jumping
1783067294847079200,3.20768,2.3173250489637254,1.6149316898733377,1.0180465776979923,-2.305034637451172,-1.551103949546814,1.1174763441085815,0.6839563696458936,-9.691172439995407,-1.335578011267632,50,jumping
1783067294867003400,3.2276042,2.4869153074279424,-1.383179282006621,2.868558709293604,-3.837920904159546,-1.2878011465072632,2.258148670196533,0.3117567956909537,-9.61039619101584,-1.9270389064371585,50,jumping
1783067294886926300,3.2475271,1.228122868068516,-1.7097458165556192,3.2462317462235686,-5.087290287017822,-0.9641392230987548,2.475877523422241,-0.2132804749730042,-9.396357134494185,-2.7988153109818694,50,jumping
1783067294906850300,3.2674511,-1.051109181605279,-0.7664303624540567,-1.0040288660004737,-4.097230911254883,-0.3593001365661621,1.1257001161575315,-0.6058278586961329,-9.072540190914273,-3.673194006979465,50,jumping
1783067294926773200,3.287374,-1.5796603238753977,-2.581086167770624,-4.486548033171892,-1.6058167219161987,0.60371994972229,-0.2180118262767791,-0.6646046034440398,-8.841649952834844,-4.1897392157658935,50,jumping
1783067294946697200,3.307298,0.0585243774220347,-5.6980801241844885,-5.392802461379766,0.3875828385353088,0.8365635871887207,-1.0109390020370483,-0.4828964390216395,-8.802102370822428,-4.296531365011632,50,jumping
1783067294966620400,3.3272212,-0.8087956322357058,-11.642235780620574,-3.903998904863,2.0918760299682617,0.7543231844902039,-0.9749400019645692,-0.2322332867188379,-8.914978808417915,-4.079167547981441,50,jumping
1783067294986544400,3.3471452,-2.579810741007328,-20.845911703920365,-1.205215162950754,2.6348206996917725,0.6835585832595825,-0.2144450694322586,-0.0606941820420557,-9.110638743162154,-3.6280794384896753,50,jumping
1783067295006467300,3.3670681,-7.243830725803971,-28.199928897583483,3.202923642633855,1.1640636920928955,-0.147898182272911,0.0959338322281837,-0.0456153028198517,-9.249424113518,-3.2582892637640235,50,jumping
1783067295026391300,3.3869921,-8.132793827471136,-24.969680902433392,5.219407549935579,-0.014351163059473,-0.6341267228126526,-0.0186382755637168,-0.0731825698470231,-9.273837254762649,-3.187628166085481,50,jumping
1783067295046313700,3.4069145,-4.357313750493526,-20.23358293889761,-0.3169078948438167,1.3931379318237305,-0.8258771896362305,-0.088991530239582,-0.1190953577761072,-9.308021848437187,-3.084953389030695,50,jumping
1783067295066237700,3.4268385,-3.56288888117671,-13.423947347712517,-1.6789365445330735,3.2256786823272705,-0.7719645500183105,-0.9640101194381714,-0.0804872668372001,-9.444718722081184,-2.6384073068827387,50,jumping
1783067295086160600,3.4467614,-3.022531127387285,-6.940736252257228,0.0351174906104803,4.029648303985596,-0.8140639066696167,-2.0769855976104736,0.1833071788505651,-9.611277650025489,-1.9391065069802105,50,jumping
1783067295106084900,3.4666857,0.7630254493813962,-2.623667418390512,-0.0919394480288028,4.209900379180908,-1.0662484169006348,-2.125361442565918,0.5802712830374017,-9.72233271741271,-1.1445160718381404,50,jumping
1783067295126007800,3.4866086,3.891473185288906,-0.0731891548514366,0.0722995125353336,3.59287691116333,-1.59078049659729,-1.2309401035308838,0.8939374560136347,-9.757851774561404,-0.3944690907670184,50,jumping
1783067295145931800,3.5065326,3.996028953784704,1.6139532002300023,-0.695194095236063,2.5596513748168945,-2.244986057281494,-0.4528363347053528,1.045561192089319,-9.74930080383718,0.1683204211914911,50,jumping
1783067295165854700,3.5264555,1.591660266009718,3.704164314782619,-1.053825162565708,1.2522939443588257,-1.967281937599182,0.0625876039266586,1.095681459911913,-9.732764095056057,0.493133317006193,50,jumping
1783067295185778700,3.5463795,0.8383356880400329,6.717457073703408,-3.9291970590054985,0.8035572171211243,-1.4209421873092651,0.3668833076953888,1.0735837560027837,-9.726966806954144,0.6355240549102426,50,jumping
1783067295205701600,3.5663024,-0.4137319000437855,7.470092719560861,-5.19592613658309,0.7217880487442017,-0.9263554215431212,0.2143116295337677,1.019913832874596,-9.723186119371652,0.7680005343802273,50,jumping
1783067295225625900,3.5862267,-1.6311460348322986,10.096259553551674,-4.597022670322656,0.1558560132980346,-0.6087192296981812,-0.515282392501831,1.0617750986568628,-9.712740128681062,0.8400712796609848,50,jumping
1783067295245548800,3.6061496,-1.3249611940547823,11.45835454647541,-5.213667544978857,-0.2632636129856109,-0.4142184555530548,-0.8393430113792419,1.210338789574802,-9.697719085159898,0.8122268487934022,50,jumping
1783067295265472800,3.6260736,-0.1918019441418349,12.269677943623066,-6.225133575242757,-0.241324171423912,-0.2553593516349792,-0.786666750907898,1.373789522370696,-9.6809485676229,0.7498932883467525,50,jumping
1783067295285395700,3.6459965,0.2844391651764512,13.164901274728772,-6.144650756251812,-0.0879166573286056,-0.1024481877684593,-0.5204206705093384,1.5067228056974709,-9.663979312643407,0.7125066837605089,50,jumping
1783067295305319700,3.6659205,0.6442899835593998,12.009925768196585,-5.336818123829365,-0.1426806896924972,0.0379321575164794,0.0863741636276245,1.5483495320715008,-9.658667762231826,0.6950605319842695,50,jumping
1783067295325243000,3.6858438,0.391952468303591,11.45637769344449,-4.284591044110059,-0.380133718252182,0.0038473000749945,0.4048986136913299,1.4946782937690617,-9.670601361131668,0.644805385735631,50,jumping
1783067295345166600,3.7057674,-0.0739342741303145,10.619805288749932,-3.0802877353072167,-0.5418923497200012,0.0615179613232612,0.4219292402267456,1.41124553893134,-9.68876011815667,0.5538061411663889,50,jumping
1783067295365089500,3.7256903,0.0615640373788774,9.784372117218377,-2.3476503368616104,-0.5234638452529907,0.2502583265304565,0.4075423181056976,1.3300656775869428,-9.705513100036978,0.4520410628350451,50,jumping
1783067295385013800,3.7456146,0.304031462135911,8.730403746789694,-2.3055612536728383,-0.4087772667407989,0.2605336010456085,0.303400456905365,1.2563894698709248,-9.718760119622946,0.3708966381302103,50,jumping
1783067295404936700,3.7655375,-0.2202729824751615,7.913167910727858,-1.3878034346759318,-0.5639169812202454,0.1663386821746826,0.0850361883640289,1.2195527542524038,-9.726326170963048,0.2857226108494214,50,jumping
1783067295424860700,3.7854615,-0.3689537239015102,5.439300593182444,-0.599131466330029,-0.9386966228485109,0.1207959502935409,0.1527720987796783,1.2004896687988191,-9.731803141069411,0.1455795605406165,50,jumping
1783067295444783600,3.8053844,-0.0467389548212289,2.2207664167016743,-0.367296019822359,-1.499877691268921,-0.0107547640800476,0.4213201701641083,1.1479220808893442,-9.738858904799818,-0.0853577315509319,50,jumping
1783067295464707600,3.8253084,-0.8698881065800785,-0.8655190977156162,1.2415385222196578,-2.462868452072144,-0.1656498610973358,0.585966169834137,1.0409239607427268,-9.740195706361533,-0.4641716821443289,50,jumping
1783067295484630800,3.8452316,-2.297455396367609,0.9782231013536452,3.024136809018254,-3.310784816741944,-0.6404316425323486,0.0866878777742385,0.9644834028799086,-9.702992641648647,-1.0450297155611217,50,jumping
1783067295504554800,3.8651556,-2.1060883365117014,0.1537684199541807,1.0879710316650568,-2.889216661453247,-1.1552724838256836,-0.2666997611522674,0.9613608138799666,-9.61415817389786,-1.6775434827394782,50,jumping
1783067295524477700,3.8850785,-3.805364635370672,-5.514180185338854,-0.4343763364046812,-2.418194532394409,-1.232669472694397,-0.130115270614624,0.9562646597847342,-9.510632332971692,-2.191763609579205,50,jumping
1783067295544401700,3.9050025,-8.101992446494101,-10.377660081684589,3.682068510569632,-2.482473850250244,-0.2019859105348587,-0.1784878522157669,0.9457238304175436,-9.384379696452616,-2.685032864457369,50,jumping
1783067295564324600,3.9249254,-7.92709531379342,-11.850149047738311,3.4335549375161527,-0.0309342890977859,0.2588372230529785,0.2468961924314499,0.9524868217464536,-9.30082579945326,-2.9593530789405107,50,jumping
1783067295584248800,3.9448496,-5.612077664989233,-21.695610132169723,2.922689235670864,3.2941770553588867,0.7817038893699646,0.886335551738739,0.8621313549734652,-9.409407170203329,-2.624910111927986,50,jumping
1783067295604171800,3.9647726,-8.190188616341352,-21.160601922714708,0.6511540241099893,3.225489377975464,-0.4952982664108276,-0.233727678656578,0.8085656959373504,-9.579750292861462,-1.9351944481030103,50,jumping
1783067295624095700,3.9846965,-4.737827563807368,-20.704296078574657,0.6830391086705029,1.108875036239624,-0.4414253830909729,0.5732884407043457,0.7938291684459895,-9.652982702332734,-1.5362722869172691,50,jumping
1783067295644018700,4.0046195,-1.2502723021648825,-19.8598513330698,-5.876977140176296,0.2706537544727325,-1.0283030271530151,1.7292745113372805,0.5326103910656645,-9.686094113817813,-1.4374587153352796,50,jumping
1783067295663943000,4.0245438,-0.6734999306265265,-10.253664284181594,-8.554219496887923,0.606987714767456,-1.702186942100525,1.6634416580200195,0.1572502524542622,-9.708590607786178,-1.374385004045814,50,jumping
1783067295683865900,4.0444667,1.2809370511502027,-6.495761364948749,-9.691667530035971,1.2258625030517578,-1.8362518548965452,1.915581464767456,-0.2270393348049372,-9.731388715049624,-1.1911764084652066,50,jumping
1783067295703789800,4.0643906,1.6394339707061647,-3.840556068000197,-8.17438022183478,1.2018389701843262,-1.6991450786590576,2.152080774307251,-0.6714281658537685,-9.73980290765166,-0.9250827550575136,50,jumping
1783067295723712800,4.0843136,0.84944021570459,1.7693851694822311,-5.164621482259035,0.2869603633880615,-1.531155705451965,1.3536262512207031,-1.0486077201783657,-9.721875036773085,-0.7456151726361364,50,jumping
1783067295743636700,4.1042375,0.9229878286048768,4.954398184633255,-3.684689798983931,-0.4589358568191528,-1.2306333780288696,0.6809245944023132,-1.2548838876135646,-9.697909639295936,-0.7390463156398386,50,jumping
1783067295763560000,4.1241608,2.2310461109146478,6.635091509705782,-2.999848170936108,-0.5410387516021729,-0.8987903594970703,0.6797640323638916,-1.3951704563125966,-9.672585228425264,-0.815461665996164,50,jumping
1783067295783483600,4.1440844,2.400362082482129,8.454990476372837,-1.957637458318472,-0.371402382850647,-0.731508731842041,0.5940115451812744,-1.543387671880424,-9.644161682495474,-0.882334696503356,50,jumping
1783067295803406600,4.1640074,1.2204380126543342,10.19660208826661,-0.811643130621314,0.0325863510370254,-0.4249813556671142,0.051104586571455,-1.6147330985613166,-9.630971946054697,-0.8985648235533386,50,jumping
1783067295823330600,4.1839314,0.3424913950420916,10.1551840362072,0.197843050936982,0.3395328819751739,0.241564393043518,-0.0540519207715988,-1.6111191458478569,-9.635643444997072,-0.853854817276448,50,jumping
1783067295843253500,4.2038543,0.8827107632741331,10.377870509564875,0.901886880648136,0.4724222421646118,1.117016077041626,0.0082956058904528,-1.5975295964345335,-9.642551324689387,-0.7996841780845075,50,jumping
1783067295863177700,4.2237785,1.6838868604168296,10.591754083263874,0.6116513772178441,0.7790947556495667,1.4895440340042114,-0.0325887128710746,-1.577644161747396,-9.651730071923136,-0.7249268971335142,50,jumping
1783067295883100700,4.2437015,1.6744959317371249,10.719128417289255,0.2709475962448865,1.1323118209838867,1.325638771057129,-0.2883161008358001,-1.5300954979784789,-9.668971129581331,-0.5832414579546079,50,jumping
1783067295903024600,4.2636254,0.9255464270465076,9.768973472556471,0.2715735826561227,1.067843317985535,1.2796640396118164,-0.4424795508384704,-1.4422449266985058,-9.691759884494545,-0.4001124304162338,50,jumping
1783067295922947600,4.2835484,0.481717933294177,8.024134130787848,0.8436509647786616,0.5826076865196228,1.7987759113311768,0.0127513380721211,-1.3807408028133212,-9.704864865261316,-0.2820608917377889,50,jumping
1783067295942871800,4.3034726,0.8434770695164799,6.771552821028232,-0.0605851458767428,0.4519589245319366,2.19499135017395,0.6920366883277893,-1.4415787178747357,-9.69696914357543,-0.2470694934586994,50,jumping
1783067295962794800,4.3233956,0.7221738720983266,6.052135554161668,-0.5851262853205204,0.5241798758506775,2.2701728343963623,0.95879328250885,-1.5991998677343129,-9.672916652336715,-0.2182780092656612,50,jumping
1783067295982718700,4.3433195,0.1160290564075112,5.566068778008222,0.5175456180006265,0.3639298379421234,2.2343838214874268,0.7309659719467163,-1.758600886747986,-9.645487962663172,-0.2055515612213872,50,jumping
1783067296002641700,4.3632425,0.0297331672236323,5.392613076287508,1.4517846161991357,0.1492724418640136,2.0925662517547607,0.2851274907588959,-1.848578387054056,-9.627955813103911,-0.2358293749820441,50,jumping
1783067296022565600,4.3831664,0.5901107957348227,5.093116919493675,1.5441846674770117,-0.0145259443670511,2.0975046157836914,-0.0406423807144165,-1.8545486936353144,-9.625042556005717,-0.2993497340604663,50,jumping
1783067296042489000,4.4030898,1.356868198186159,3.5822552604258058,1.5499334402620792,-0.3129385113716125,2.308839797973633,0.064555674791336,-1.8379533865347504,-9.62417395647764,-0.4093954782746732,50,jumping
1783067296062413300,4.4230141,2.032923731579632,2.6107722809821365,1.4710796837776898,-0.664548933506012,2.17544937133789,0.2108391225337982,-1.843781800427288,-9.613812136939169,-0.5877690914468839,50,jumping
1783067296082336300,4.4429371,2.2472196854718027,1.333725223007798,1.0531804349213838,-0.9461879730224608,1.7050374746322632,0.2523823082447052,-1.8611546677716075,-9.59387058815062,-0.814957735062018,50,jumping
1783067296102260200,4.462861,1.8927083284206687,-0.9516203411102294,1.226830782431364,-0.8288851380348206,1.6271153688430786,0.1504450142383575,-1.87280652712062,-9.568202478408812,-1.054747757303342,50,jumping
1783067296122183200,4.482784,2.256047865702212,-3.0207267083138225,0.2373814997948706,-0.2550071775913238,1.5256654024124146,0.1612254977226257,-1.857263359421492,-9.551374677726626,-1.2215482389185577,50,jumping
1783067296142107100,4.5027079,3.843229086601734,-6.249720904010534,-1.5175488817468286,0.1915550529956817,0.9866666793823242,0.6806092858314514,-1.902278997581452,-9.535997075852752,-1.271396630997211,50,jumping
1783067296162030300,4.5226311,2.8905583596557376,-9.044408905929329,-1.236952363473177,0.5438402891159058,0.4234297275543213,1.372760534286499,-2.0780258789792656,-9.50481809373498,-1.2290754926182328,50,jumping
1783067296181954000,4.5425548,0.7301875210754573,-13.344071262443064,-1.3067641508460044,0.8457918763160706,-0.3792315125465393,2.0655791759490967,-2.403584843920916,-9.444239998653533,-1.0952187377709894,50,jumping
1783067296201877000,4.5624778,-5.249527962911129,-18.746137226730585,-0.2552075177341699,0.1899834424257278,-0.9236239790916444,2.073870182037353,-2.8187819942116734,-9.345629402297735,-0.9402471525721252,50,jumping
1783067296221801200,4.582402,-11.425839931839704,-22.546737131917475,0.4753852231413126,-1.3518123626708984,-1.054695963859558,1.456058144569397,-3.167418029488623,-9.228208891531825,-0.988941406179592,50,jumping
1783067296241724200,4.602325,-13.073014433670044,-21.49517056193352,-1.5816975287914274,-1.7266478538513184,-0.9232345819473268,0.9686543941497804,-3.411512324795127,-9.111703742045163,-1.2283471783436837,50,jumping
1783067296261648100,4.6222489,-11.882799271452429,-16.836442253804204,-6.031234220430255,-0.6371343731880188,-0.9468749165534972,0.1129503697156906,-3.5387022421643137,-9.038891603812576,-1.395130270432681,50,jumping
1783067296281571000,4.6421718,-10.463661956357956,-11.932911502099037,-6.844633254808187,1.0831128358840942,-0.916628897190094,-0.7524320483207703,-3.5039617681726813,-9.068277857294678,-1.2880208719313144,50,jumping
1783067296301495000,4.6620958,-8.434635670608282,-6.341832785996794,-3.7302667242884633,2.3230113983154297,-0.4623630940914154,-1.4529417753219604,-3.3168539731964466,-9.18261969126761,-0.9210682587191462,50,jumping
1783067296321418000,4.6820188,-5.941839196187257,-1.5566174480706452,-0.7308879244297742,2.9491567611694336,-0.0364027917385101,-2.045604467391968,-2.998409078043699,-9.328021849414704,-0.4097995655635371,50,jumping
1783067296341342200,4.701943,-2.5489602601915595,2.588661571460962,0.977770681411028,3.0192909240722656,0.108034998178482,-2.546504497528076,-2.563258542396128,-9.464508295178414,0.1521429741768166,50,jumping
1783067296361265200,4.721866,0.253189455910027,5.999536182874441,2.1215233676612377,2.603258848190308,0.411984384059906,-2.622455358505249,-2.0669468510821463,-9.56210825318694,0.6813380769062787,50,jumping
1783067296381189000,4.7417898,2.1318274656631053,8.480773736926913,1.335853467208147,1.8496206998825075,0.7495648264884949,-2.11011815071106,-1.618869613844156,-9.610687282916905,1.0882765174176543,50,jumping
1783067296401112000,4.7617128,3.256622791856527,10.489722280287742,-0.3234862503208219,1.2014384269714355,0.9979167580604552,-1.4457658529281616,-1.3002607603013514,-9.625713587135076,1.351048552121967,50,jumping
1783067296421036300,4.7816371,3.396617538002133,12.406349682825804,-1.5517526185132562,0.7495952844619751,1.1274278163909912,-1.013123631477356,-1.10117647713162,-9.626830608466268,1.510602715870738,50,jumping
1783067296440959200,4.80156,3.4955122119963167,13.75109957319498,-2.922154690402746,0.4559673070907593,0.8477744460105896,-0.8853054642677307,-0.9534687454558908,-9.627834817072747,1.601901381777972,50,jumping
1783067296460883200,4.821484,3.4795538876250385,13.24523328707218,-4.188786737346649,0.240139827132225,0.605914294719696,-0.5925859808921814,-0.8282747511442751,-9.630286886399984,1.655870580113679,50,jumping
1783067296480806100,4.8414069,3.230623258203268,11.280699639499186,-4.605328726375102,0.0861553400754928,0.7509309649467468,-0.0797018930315971,-0.7873403178833425,-9.630494391670824,1.674527203658223,50,jumping
1783067296500730400,4.8613312,3.2217499236568807,10.918894618308544,-4.626987600475549,0.0395487658679485,0.8760122060775757,0.1919519901275634,-0.8302418134335428,-9.627523266905545,1.6708957152880728,50,jumping
1783067296520653300,4.8812541,3.377462171155214,10.18015247324705,-4.823604397553205,0.2359995543956756,0.8165950775146484,0.2174863815307617,-0.9015580870851874,-9.6199087002486,1.677773199842125,50,jumping
1783067296540577300,4.9011781,3.509236201444268,8.488604576683043,-5.3231812281429765,0.651264488697052,0.5770366787910461,0.0642768517136573,-0.954622883927077,-9.60220703934133,1.7483384359307583,50,jumping
1783067296560500200,4.921101,2.667447523406148,6.27837416704297,-5.0587213134169575,0.7881484627723694,0.3895081877708435,-0.1828242838382721,-0.9606808687917888,-9.575789572536944,1.8846087547257544,50,jumping
1783067296580424200,4.941025,1.4448653383299708,4.762630581152439,-3.5948096215724945,0.375516414642334,0.4300901591777801,-0.4827236533164978,-0.9142505415283144,-9.557917231237887,1.995183345119655,50,jumping
1783067296600347400,4.9609482,1.4110583457961678,4.836138300433754,-3.067783643043041,-0.1269793510437011,0.5608441233634949,-0.7939422130584717,-0.8107122795119881,-9.565284545135498,2.0046089067213235,50,jumping
1783067296620271000,4.9808718,1.7655875307649374,4.609124027004838,-3.7124051966443656,-0.1899788677692413,0.5866186618804932,-0.9567298293113708,-0.6654517217926681,-9.585471008595825,1.961196027582884,50,jumping
1783067296640194300,5.0007951,1.5453830834813416,4.303913584217429,-3.595826397399604,-0.1289344727993011,0.560867965221405,-1.1366945505142212,-0.4884926881261169,-9.603480128017068,1.9248232762143012,50,jumping
1783067296660117200,5.020718,0.7525920989766717,2.807419473198056,-2.9288530189976094,-0.2908485233783722,0.7002561688423157,-1.1967509984970093,-0.2845256926824339,-9.619373278197646,1.886028558395803,50,jumping
1783067296680041000,5.0406418,-0.0098281601863447,0.6745096191257238,-1.7273055847741663,-1.0038448572158811,0.7743379473686218,-1.2921552658081057,-0.0772609434681478,-9.645731123769282,1.7675581001855432,50,jumping
1783067296699964200,5.060565,-0.4219126492161303,-0.706281306439638,-0.6123883862555026,-1.919590711593628,0.8268678784370422,-1.7855021953582764,0.1851860331334173,-9.691736503618955,1.4853743127204475,50,jumping
1783067296719888100,5.0804889,1.2878954919859766,-0.9452999059170484,-1.7630746711611749,-2.0474495887756348,0.9992269277572632,-1.9645408391952517,0.5448660615267231,-9.731043847134709,1.0864136461552232,50,jumping
1783067296739811000,5.1004118,4.097398201198875,-5.654975726473331,-3.017591917419433,-0.984694242477417,1.6320512294769287,-1.1421849727630615,0.8270255548007786,-9.738692900583148,0.8026555951107293,50,jumping
1783067296759735000,5.1203358,3.9615614515155553,-8.439497139164805,-3.4233518156707285,0.2525172829627991,1.7452419996261597,-0.5757955312728882,0.9598695524089038,-9.729799400031569,0.7615984122529625,50,jumping
1783067296779658000,5.1402588,1.323156482720375,-14.540162038695811,-1.5631331135749815,1.2604169845581057,1.9579944610595703,0.0776379331946373,0.9888942060369996,-9.709958389008044,0.9535097350534052,50,jumping
1783067296799582200,5.160183,-4.714252334691584,-23.251951101386545,4.79119967303276,0.4741377234458923,2.7224249839782715,0.9662450551986694,0.8265178244743495,-9.697650111576914,1.2011884647179394,50,jumping
1783067296819505200,5.180106,-9.445989472669362,-23.656026407551764,8.116006943321228,-1.377899408340454,2.738727569580078,0.7172224521636963,0.5792131888192147,-9.722737206560373,1.141622761549428,50,jumping
1783067296839429000,5.2000298,-9.143917327907682,-20.320029050207136,4.341114310842753,-1.728406310081482,2.4883103370666504,0.3381387293338775,0.4306691889824345,-9.761168936285376,0.8393395313203335,50,jumping
1783067296859352000,5.2199528,-6.035713411670923,-15.257267521488666,0.1801671820580959,-0.7338466644287109,2.619971752166748,0.2731978297233581,0.3390100191997364,-9.782191266047954,0.6034852045601233,50,jumping
1783067296879276300,5.2398771,-3.899380305151641,-11.1497152982831,-2.217009694516659,0.7222239971160889,2.2344460487365723,-0.2037242352962494,0.2881759770845994,-9.782641347903011,0.6223218973793089,50,jumping
1783067296899199200,5.2598,-3.0366891243383285,-5.72068300113678,-1.8556652765750885,1.3732151985168457,1.2151505947113037,-1.01595139503479,0.3876547711096704,-9.761872116118669,0.8520460142888129,50,jumping
1783067296919123200,5.279724,-1.9269348615407944,-1.4916940172612667,0.0655517918407917,0.9271124601364136,0.8277960419654846,-1.344059705734253,0.6090763756306842,-9.725440035778284,1.1023696324389427,50,jumping
1783067296939046100,5.2996469,-0.5782437592651695,2.140040436604619,2.081142403564602,-0.46966153383255,1.0165486335754397,-0.701715350151062,0.8018024854127317,-9.70407283810079,1.16554453908056,50,jumping
1783067296958970000,5.3195708,2.5779613137483595,5.037273451718688,1.1162697821713985,-1.5261332988739014,0.818043053150177,0.6578163504600525,0.7917278853178024,-9.725869659367204,0.975215151709318,50,jumping
1783067296978893300,5.3394941,4.284363665094971,7.885398444792628,-0.381483608194068,-1.7215757369995115,0.357588917016983,1.788122057914734,0.5318722495168448,-9.770232532706856,0.6557694089509546,50,jumping
1783067296998817300,5.3594181,1.6917045484304427,8.828369615501165,0.3554711419939995,-1.5116182565689087,0.2481988221406936,1.6961119174957275,0.1655974442346952,-9.799218388694523,0.3439355294357985,50,jumping
1783067297018740200,5.379341,-0.8829107428256422,10.319999335354566,1.8631424805879595,-1.2845497131347656,0.3231905400753021,0.6657038331031799,-0.0717772376603214,-9.80614321952164,0.069128015492903,50,jumping
1783067297038664200,5.399265,-0.4665467407125979,10.86552660073638,2.0063181948572395,-0.9555811882019044,0.3348830342292785,-0.2011028826236724,-0.1067150106226094,-9.80489643433094,-0.1517096973260864,50,jumping
1783067297058587400,5.4191882,0.6625177141673863,10.282946492767334,1.2592945436626672,-0.6782466173171997,0.4071352481842041,-0.2518185079097748,-0.0505000152546446,-9.801561736950278,-0.3117894193189218,50,jumping
1783067297078511400,5.4391122,1.9612173626318568,9.482022324559091,1.1901146244525909,-0.8555271029472351,0.4436055123806,0.116487056016922,-0.028946823168511,-9.79611107032895,-0.4535982291491702,50,jumping
1783067297098434300,5.4590351,3.110740741237998,9.682499304196238,3.0575866586774585,-1.531231164932251,0.2831381857395172,0.6779879331588745,-0.1015285204959567,-9.782456638985872,-0.6808925981611013,50,jumping
1783067297118358300,5.4789591,4.101882653136551,10.783905133104325,3.553986612796783,-2.151808023452759,-0.2529219090938568,1.183192253112793,-0.2867222163460217,-9.74646704171598,-1.0462104497782885,50,jumping
1783067297138281500,5.4988823,3.2019016061097383,11.056424435645342,2.571779994764924,-2.2375190258026123,-0.6041004061698914,1.4008606672286987,-0.5537648593079298,-9.678860655432938,-1.4776299822039902,50,jumping
1783067297158205200,5.518806,1.399375799047947,11.066546016687154,1.457025585592538,-1.60590922832489,-0.3832433819770813,1.0025728940963743,-0.8139934931397438,-9.596804888036846,-1.846382484444976,50,jumping
1783067297178128100,5.5387289,0.6977289474759251,10.810734687840938,-0.3900933964334428,-0.6314005851745605,-0.227685198187828,0.4228901267051697,-0.9616896805081516,-9.53941302177608,-2.0603721488669517,50,jumping
1783067297198052400,5.5586532,-0.2744747474577277,9.844031343889236,-1.0841256082832813,0.6030734777450562,0.1835326254367828,-0.2563155591487884,-0.982032138247788,-9.536825927892329,-2.0627537833064795,50,jumping
1783067297217975300,5.5785761,-0.915212518428266,8.13843738631606,-1.109363509914279,1.4979698657989502,0.6019529700279236,-1.0619934797286987,-0.8398871552657335,-9.592166706842184,-1.858847706003487,50,jumping
1783067297237899300,5.5985001,-0.8734333779715001,5.639504016575217,0.2992220160275697,1.5966488122940063,0.9448064565658568,-1.5164531469345093,-0.5568030214274302,-9.665354108127952,-1.5624628130979834,50,jumping
1783067297257822200,5.618423,-0.8106462285384536,2.137033071482181,1.506796893846989,1.0023540258407593,1.109381914138794,-1.431790113449097,-0.2381639006105251,-9.71587842670679,-1.30972373130396,50,jumping
1783067297277746200,5.638347,-0.1373813944425899,0.8389280279099941,1.7449638449311256,0.0361230000853538,0.7628718018531799,-1.2692265510559082,0.0489454290566733,-9.731591544145346,-1.2100094114899635,50,jumping
1783067297297669000,5.6582698,1.0870812432184815,0.2208791316747665,0.9545278991200028,-0.707838237285614,0.284507006406784,-0.7601589560508728,0.2674384373464621,-9.71927508340776,-1.2784927267380055,50,jumping
1783067297317593300,5.6781941,2.2583999817863107,-2.097026055264473,-0.6794638805322348,-1.2286728620529177,-0.073218323290348,0.1659235805273056,0.3312283523475751,-9.690675596389172,-1.466788124063611,50,jumping
1783067297337516300,5.6981171,2.6282997543662785,-5.474098350319266,-2.1593429568372664,-1.7480188608169556,-0.2272561639547348,1.1407203674316406,0.1935662686669267,-9.647230422416328,-1.750387915806472,50,jumping
1783067297357439200,5.71804,1.487397342980653,-9.96304935297966,-3.775421040266752,-2.39713716506958,-0.2118293344974517,1.3703317642211914,-0.0688327725731069,-9.5678009118706,-2.1500784310162064,50,jumping
1783067297377363200,5.737964,-1.2224784324407576,-10.407575911998748,-3.2452456577956674,-2.225522518157959,0.0974622964859008,0.645300567150116,-0.2738977330210618,-9.449334691444038,-2.608727038890123,50,jumping
1783067297397286100,5.7578869,-1.6779153847917914,-8.46684691838324,-4.0938910698607565,-0.7838289141654968,0.2076350748538971,-0.0867885649204254,-0.3050820306347683,-9.362472400549054,-2.901965888854861,50,jumping
1783067297417210400,5.7778112,-0.4019142556738108,-11.650614317387342,-4.519217546108365,0.2661226093769073,0.5152831673622131,0.2570521831512451,-0.2859696992119774,-9.35296865914464,-2.9343811347693203,50,jumping
1783067297437133300,5.7977341,-1.175376708721742,-15.950428649592398,-2.577058811950684,0.1708186566829681,0.7923550009727478,0.9770564436912536,-0.3675364775147289,-9.365560429692268,-2.8847140175417065,50,jumping
1783067297457057300,5.8176581,-3.397398751507699,-17.364320465248824,-0.3151794636160135,-0.6078885793685913,0.6073189377784729,0.9125930070877076,-0.5093397709196433,-9.34629108107686,-2.92537248340547,50,jumping
1783067297476980200,5.837581,-4.753699963460862,-16.61860614308715,0.4912091074779629,-1.348546266555786,0.3910451233386993,0.5686239004135132,-0.6208336315829307,-9.276479878225922,-3.119593617518246,50,jumping
1783067297496904400,5.8575052,-4.561236486670374,-13.546551983118055,-0.9662962244555352,-1.1618804931640625,0.2671782672405243,0.3786555528640747,-0.6801197871576994,-9.18414704696536,-3.370351170106232,50,jumping
1783067297516827400,5.8774282,-3.806507083404064,-11.858169857108592,-1.6529788041949272,-0.6164081692695618,0.0794728249311447,0.2540827393531799,-0.7305052087225019,-9.11937676089108,-3.531814528477192,50,jumping
1783067297536751400,5.8973522,-3.869488732495904,-7.859325261381268,0.419982484871149,-0.1518227905035019,-0.3936117887496948,-0.5403512716293335,-0.7231884559683501,-9.09222104294002,-3.602624679237604,50,jumping
1783067297556674300,5.9172751,-3.1549867101997133,-2.259257183137536,1.724194320885837,0.1291241943836212,-1.364100456237793,-1.3085047006607056,-0.6013660935143008,-9.107364251536133,-3.5867332826226948,50,jumping
1783067297576598500,5.9371993,-0.9091091600518671,0.2345616200685501,2.328523319326341,-0.094830684363842,-2.3368890285491943,-0.6151993870735168,-0.5402805968999862,-9.12153832283914,-3.560339781215786,50,jumping
1783067297596521500,5.9571223,0.984322660337761,3.014787381392717,2.2538661377489566,-0.5954529643058777,-2.85551118850708,0.5419148206710815,-0.7279934450972825,-9.098902712661028,-3.584743277849257,50,jumping
1783067297616445200,5.977046,-0.1054868388008326,5.510529261615872,4.295179658141732,-1.145626664161682,-2.426335573196411,1.099132418632507,-1.0814386342216282,-9.01728650572598,-3.6999209781244393,50,jumping
1783067297636368400,5.9969692,-1.4063186039231717,9.25311536925137,2.8715654898941514,-0.4907608032226562,-1.6646277904510498,0.8734589219093323,-1.4219820370011031,-8.922116989734768,-3.813683843165636,50,jumping
1783067297656292000,6.0168928,-1.2128648009210825,11.381315730458498,0.9864175137251616,0.9947108030319214,-0.6177011728286743,0.4525345861911773,-1.627256918439269,-8.919777148610352,-3.7363077580183743,50,jumping
1783067297676215300,6.0368161,-1.9518140128619967,10.48121982488036,1.842393122547865,1.850712299346924,0.3968361914157867,-0.1280063092708587,-1.6698649109356103,-9.020307899373767,-3.466410036152601,50,jumping
1783067297696139300,6.0567401,-1.9024001397430896,10.218467883116006,3.0065169811755417,1.943162560462952,1.1828513145446775,-0.836279571056366,-1.52474975303635,-9.163822051817178,-3.1416400296315548,50,jumping
1783067297716062200,6.076663,-0.1135037757135927,9.231106366539,2.347152324211597,1.896419644355774,1.574538230895996,-1.0377190113067627,-1.2592717473089694,-9.304279154777529,-2.831080627031624,50,jumping
1783067297735986200,6.096587,1.763417493249476,7.52876819589138,1.2908280383065345,1.9617003202438357,1.7998653650283811,-0.4982309937477112,-1.0183717910643666,-9.425873151835798,-2.507231827008724,50,jumping
1783067297755909000,6.1165098,2.2005793687194584,6.199696936169266,0.9843059283986688,1.709560513496399,1.8228437900543213,0.0390937328338623,-0.8943926524352281,-9.51686450535953,-2.190833927513659,50,jumping
1783067297775833300,6.1364341,1.9559470210134984,5.2201165749877685,1.1793217200204729,1.3069075345993042,1.5935050249099731,0.3637621104717254,-0.8652383810780941,-9.574868950560688,-1.9348419814035296,50,jumping
1783067297795756300,6.1563571,1.836939241056144,5.510629799380898,0.9662263740897178,0.98118394613266,1.384903073310852,0.4316452443599701,-0.8903321249980479,-9.609353403964638,-1.7429953213371336,50,jumping
1783067297815680300,6.1762811,1.5805233704455195,5.484373660618067,0.978118033543974,0.7687447667121887,1.4128684997558594,0.4832218885421753,-0.9306472573168576,-9.629783613052965,-1.603603071129322,50,jumping
1783067297835603200,6.196204,2.352747660000622,4.989010063809156,0.2303070313639938,0.7060955166816711,1.4645602703094482,0.7272132635116577,-0.9980782139677554,-9.64109352709651,-1.4911536267742511,50,jumping
1783067297855527400,6.2161282,3.250112679310143,3.672908175775409,-0.5620037684082985,0.7627907395362854,1.5607415437698364,1.2741855382919312,-1.144861305079237,-9.64090472652614,-1.3829853668697178,50,jumping
1783067297875450400,6.2360512,3.2288258533924816,2.211061599767208,-1.1773586032539605,0.7074177265167236,1.5635684728622437,1.8459867238998413,-1.4027980285815893,-9.62156465076208,-1.2759502026483416,50,jumping
1783067297895374300,6.2559751,3.2481197519272564,0.7242670449852943,-0.8234791143655776,0.1204161643981933,1.3611356019973757,2.2605626583099365,-1.76775523019284,-9.566801963961124,-1.2335887322589754,50,jumping
1783067297915297300,6.2758981,2.7076184980139133,0.1932160487234592,-0.6498172225482761,-0.7877435684204102,1.3408094644546509,2.2370355129241943,-2.159047188761085,-9.470449960187077,-1.3488923970013855,50,jumping
1783067297935221200,6.295822,3.1680756166145203,-1.6712585572510956,-1.1156722546696662,-1.254854679107666,2.0544934272766118,3.120255470275879,-2.593317288312316,-9.315882498809694,-1.6307760324761271,50,jumping
1783067297955144400,6.3157452,5.478195264244079,-4.322701286795735,-4.033794620816409,-1.1480971574783323,2.5063188076019287,4.285334587097168,-3.1923312292099,-9.05654533392489,-1.9895679894559084,50,jumping
1783067297975067400,6.3356682,3.691733872276545,-3.7859944567292927,-5.559328071576356,-1.06468403339386,2.0522539615631104,4.655158042907715,-3.898382818546891,-8.686448869729041,-2.349168778600544,50,jumping
1783067297994991400,6.3555922,-0.8084647928461431,-5.260782347375154,-4.095855355671048,-0.8491334319114685,1.5181684494018557,4.3747429847717285,-4.573401263977587,-8.257628413885831,-2.658187527629733,50,jumping
1783067298014914300,6.3755151,-4.438875012370944,-7.524909766897559,-1.374798407152295,-1.0237737894058228,2.1153924465179443,4.441909313201904,-5.176388492420315,-7.7798741235256195,-2.974718113593757,50,jumping
1783067298034838300,6.3954391,-5.844585859659314,-9.334685983479025,-0.98981475494802,-1.6639872789382937,2.423027992248535,4.481160640716553,-5.7069888223052025,-7.204459669402241,-3.420005135591328,50,jumping
1783067298054760700,6.4153615,-4.039018785205483,-3.727262866297364,-1.5003364656612277,-2.209763765335083,1.3970640897750854,3.3411049842834477,-6.106410165184736,-6.588453677171469,-3.933752822613716,50,jumping
1783067298074684700,6.4352855,-3.4263714557528493,1.8886469242006536,-1.705074609874189,-1.6678649187088013,0.622841477394104,1.8254576921463013,-6.356635218331218,-6.104236912798881,-4.3013785127818585,50,jumping
1783067298094607600,6.4552084,-1.1681284180939198,1.2262334010601044,-0.8241253033146262,-0.8423923254013062,0.7001078724861145,1.273465871810913,-6.472067770150304,-5.810680082926154,-4.529758229345083,50,jumping
1783067298114531600,6.4751324,-0.1333569155663251,-0.187300687199831,-1.903902360999584,0.251597911119461,0.9111329317092896,1.2520463466644287,-6.544071514609455,-5.613401022547484,-4.67282025410682,50,jumping
1783067298134454500,6.4950553,0.6698211690485477,-1.0145832855015993,-2.2508429905354976,1.2493231296539309,0.7904340624809265,1.2007591724395752,-6.597116291576624,-5.529518039724231,-4.698177982725203,50,jumping
1783067298154378800,6.5149796,0.2862082206755876,-1.4624895500868558,-1.7930144668728112,1.6838761568069458,1.261837124824524,1.4281023740768433,-6.651043696597218,-5.499698655521869,-4.656964805588126,50,jumping
1783067298174301700,6.5349025,1.1819617131352425,-2.442759647098184,-0.5030114812135696,1.6067590713500977,2.380882024765014,1.80557644367218,-6.654358520233631,-5.4468830111354585,-4.713954228527844,50,jumping
1783067298194225700,6.5548265,0.8733686421722173,-2.4919004023641347,-0.6895572583928704,0.8792743682861328,2.468384265899658,1.9444676637649536,-6.628729573458433,-5.311999324393272,-4.900304483135044,50,jumping
1783067298214148600,6.5747494,0.0290460617423057,-2.74525089405477,2.307243507671356,0.1354501992464065,3.938112497329712,1.6148631572723389,-6.508054444810748,-5.129427419281005,-5.244480031871795,50,jumping
1783067298234072600,6.5946734,1.7610720991671085,-1.9305261640310287,5.629133429208397,-0.3716186881065368,6.258813381195068,1.31217360496521,-6.091883627182245,-4.930657243561744,-5.8947401758819815,50,jumping
1783067298253995800,6.6145966,2.696919701606035,-0.5876680787578225,7.317025141352414,-1.0062299966812134,8.486064910888672,1.2898579835891724,-5.230134695655107,-4.709353748995065,-6.829206553095578,50,jumping
1783067298273919500,6.6345203,4.567160616022348,-1.648447298245132,-25.17903793861866,-2.4541800022125244,1.314483642578125,1.789163589477539,-4.871523209808767,-4.2559532709077,-7.370583713060617,50,jumping
1783067298293842400,6.6544432,2.4857646760880945,-1.4179218018248676,5.295705192196369,-1.4660859107971191,1.75477933883667,1.7512362003326416,-4.731375903449952,-3.794255212335288,-7.706366988766192,50,jumping
1783067298313766400,6.6743672,2.536609604923427,0.3310618001416325,-4.576813995030522,-0.4041325151920318,0.8337321877479553,1.4721012115478516,-4.697077620267868,-3.492305817170441,-7.868395872065425,50,jumping
1783067298333689600,6.6942904,2.094812178607285,-0.203251997308433,-0.047788756135106,0.3565464317798614,1.6467186212539673,1.5301941633224487,-4.6025887800171965,-3.361115724249184,-7.980567960783839,50,jumping
1783067298353613600,6.7142144,1.6910133512958885,-0.4082359329760074,0.4604793304324149,0.6045143008232117,2.4316062927246094,1.7751975059509275,-4.374614137123525,-3.292601283210516,-8.135840940082073,50,jumping
1783067298373536500,6.7341373,2.209184699979424,0.590524344971776,0.2612988203465938,0.7977266311645508,2.074003934860229,1.5757075548171997,-4.103596763578057,-3.261106951533258,-8.2883087988317,50,jumping
1783067298393460500,6.7540613,2.6016113616660235,0.3137809949949383,-0.2710176658064127,1.0777682065963743,1.2532883882522583,1.2191369533538818,-3.9185719123557208,-3.305186331756413,-8.360079319056869,50,jumping
1783067298413383400,6.7739842,2.351226149521768,0.1586883406996727,-0.4705903900802135,1.3061443567276,0.863079309463501,1.162492275238037,-3.829645674668252,-3.4161490446850657,-8.35668149331212,50,jumping
1783067298433307600,6.7939084,1.6589181311160326,-0.2596782334074378,0.0500894342929124,1.216123342514038,1.188673973083496,1.4075312614440918,-3.7521985701113936,-3.5363284987702963,-8.341808333829045,50,jumping
1783067298453230600,6.8138314,0.9947641940489412,-0.6920753786936402,0.4061392529577016,0.4917533099651336,1.331687331199646,1.3050363063812256,-3.63242623552233,-3.583819148741662,-8.374491290768981,50,jumping
1783067298473154600,6.8337554,0.7248378306105733,-0.7427668705329299,-0.0667734425902366,-0.2599979937076568,0.8360920548439026,1.1175681352615356,-3.5285979045182465,-3.5109809992849823,-8.449401862585544,50,jumping
1783067298493077500,6.8536783,1.3350304603874683,-0.7705655625626444,-0.5284896213412285,-0.4489596486091614,0.6195077300071716,1.116696000099182,-3.4946003578484057,-3.367961644621193,-8.521442431923747,50,jumping
1783067298513001700,6.8736025,0.5260507037565112,-0.5367249502450228,0.410316246381402,-0.4223476052284241,1.156897783279419,1.340103030204773,-3.4249797091335057,-3.209751442827284,-8.610307294812799,50,jumping
1783067298532924700,6.8935255,-0.2565533793851733,0.1908016810581088,0.0870440772026777,-0.2599269449710846,1.512827754020691,1.4183900356292725,-3.271003783908486,-3.053518678586185,-8.726221492668985,50,jumping
1783067298552847600,6.9134484,0.6794359696120024,0.3018514877483249,-1.1643705268651243,-0.0211622714996337,0.8588587045669556,1.317984938621521,-3.140824913856387,-2.941009905259311,-8.812267791005969,50,jumping
1783067298572771600,6.9333724,0.3839481716766953,0.4225874066725373,-1.110569963094592,-0.0293252654373645,0.5441622734069824,1.2895714044570925,-3.107502197708189,-2.860482954865694,-8.850506043985485,50,jumping
1783067298592694500,6.9532953,-0.3036544455170631,0.7222483986392617,-0.6122071844696998,-0.1674403548240661,1.0046149492263794,1.3817380666732788,-3.048077948836982,-2.7613597328126427,-8.902499266073107,50,jumping
1783067298612618800,6.9732196,-0.5187573318779468,0.5833008234590291,-0.892375540459156,-0.1789964735507965,1.3740627765655518,1.590176701545715,-2.914377626660466,-2.6390219316497445,-8.984004998371004,50,jumping
1783067298632541700,6.9931425,-0.4655015425086021,1.221571546728909,-1.0348322928041218,-0.0127737186849117,1.269250750541687,1.6751854419708252,-2.752155851137638,-2.527309277136624,-9.066903061810136,50,jumping
1783067298652465700,7.0130665,0.1033098600879311,1.2140706695795058,-0.7234118894606828,0.2355307191610336,0.7493793964385986,1.748851656913757,-2.652685715343058,-2.4554642303705214,-9.116158383366464,50,jumping
